observation_id,patient_id,encounter_id,code,code_system,value_string,value_numeric,unit,effective_ts,performer_id
1,8,130,PHQ9-TOTAL,SNOMED-AU,,16,score,2025-09-06 09:07:50.144237,7
2,4,443,PHQ9-TOTAL,SNOMED-AU,,11,score,2025-08-13 23:19:50.144243,8
3,28,167,PHQ9-TOTAL,SNOMED-AU,,20,score,2025-11-05 23:36:50.144248,9
4,8,203,PHQ9-TOTAL,SNOMED-AU,,18,score,2025-10-07 05:24:50.144252,19
5,45,244,PHQ9-TOTAL,SNOMED-AU,,25,score,2025-08-10 10:17:50.144256,12
6,6,128,PHQ9-TOTAL,SNOMED-AU,,24,score,2025-10-17 14:21:50.144260,22
7,22,477,PHQ9-TOTAL,SNOMED-AU,,19,score,2025-08-19 04:23:50.144264,12
8,10,360,PHQ9-TOTAL,SNOMED-AU,,20,score,2025-08-31 02:18:50.144267,16
9,21,286,PHQ9-TOTAL,SNOMED-AU,,7,score,2025-08-16 17:35:50.144272,29
10,47,99,PHQ9-TOTAL,SNOMED-AU,,14,score,2025-11-04 07:02:50.144275,12
11,9,129,PHQ9-TOTAL,SNOMED-AU,,23,score,2025-11-01 13:41:50.144279,15
12,19,278,PHQ9-TOTAL,SNOMED-AU,,17,score,2025-08-09 14:14:50.144283,19
13,35,179,PHQ9-TOTAL,SNOMED-AU,,5,score,2025-09-26 05:57:50.144287,9
14,39,469,PHQ9-TOTAL,SNOMED-AU,,27,score,2025-08-29 00:22:50.144291,17
15,29,152,PHQ9-TOTAL,SNOMED-AU,,4,score,2025-10-04 12:03:50.144295,15
16,50,327,PHQ9-TOTAL,SNOMED-AU,,0,score,2025-09-03 16:40:50.144299,6
17,40,439,PHQ9-TOTAL,SNOMED-AU,,0,score,2025-09-21 10:11:50.144303,11
18,5,338,PHQ9-TOTAL,SNOMED-AU,,23,score,2025-08-30 17:14:50.144306,17
19,32,393,PHQ9-TOTAL,SNOMED-AU,,21,score,2025-08-29 00:47:50.144310,10
20,27,329,PHQ9-TOTAL,SNOMED-AU,,10,score,2025-09-27 02:20:50.144314,17
21,5,23,PHQ9-TOTAL,SNOMED-AU,,21,score,2025-10-21 23:31:50.144318,2
22,7,249,PHQ9-TOTAL,SNOMED-AU,,6,score,2025-10-14 02:24:50.144322,19
23,25,337,PHQ9-TOTAL,SNOMED-AU,,20,score,2025-09-05 12:47:50.144326,23
24,17,26,PHQ9-TOTAL,SNOMED-AU,,18,score,2025-09-21 21:48:50.144329,23
25,1,477,PHQ9-TOTAL,SNOMED-AU,,2,score,2025-10-11 08:55:50.144333,30
26,6,240,PHQ9-TOTAL,SNOMED-AU,,26,score,2025-08-18 04:03:50.144337,18
27,27,421,PHQ9-TOTAL,SNOMED-AU,,23,score,2025-09-20 07:23:50.144341,27
28,18,271,PHQ9-TOTAL,SNOMED-AU,,19,score,2025-11-01 06:22:50.144345,27
29,5,484,PHQ9-TOTAL,SNOMED-AU,,9,score,2025-10-10 13:20:50.144349,4
30,15,273,PHQ9-TOTAL,SNOMED-AU,,23,score,2025-09-18 23:14:50.144352,17
31,16,292,PHQ9-TOTAL,SNOMED-AU,,21,score,2025-08-18 23:51:50.144356,24
32,27,383,PHQ9-TOTAL,SNOMED-AU,,17,score,2025-10-24 08:50:50.144360,12
33,30,360,PHQ9-TOTAL,SNOMED-AU,,21,score,2025-08-13 15:30:50.144364,4
34,12,282,PHQ9-TOTAL,SNOMED-AU,,5,score,2025-09-16 13:05:50.144368,22
35,35,308,PHQ9-TOTAL,SNOMED-AU,,5,score,2025-09-11 17:29:50.144371,11
36,21,433,PHQ9-TOTAL,SNOMED-AU,,17,score,2025-09-20 15:38:50.144375,21
37,47,166,PHQ9-TOTAL,SNOMED-AU,,13,score,2025-08-21 21:50:50.144379,18
38,25,393,PHQ9-TOTAL,SNOMED-AU,,6,score,2025-08-28 06:10:50.144383,12
39,29,492,PHQ9-TOTAL,SNOMED-AU,,14,score,2025-09-18 04:40:50.144387,2
40,39,9,PHQ9-TOTAL,SNOMED-AU,,9,score,2025-09-02 00:30:50.144391,10
41,20,114,PHQ9-TOTAL,SNOMED-AU,,0,score,2025-10-10 19:25:50.144395,25
42,45,422,PHQ9-TOTAL,SNOMED-AU,,26,score,2025-10-02 11:54:50.144399,18
43,37,80,PHQ9-TOTAL,SNOMED-AU,,18,score,2025-10-26 03:57:50.144403,12
44,9,136,PHQ9-TOTAL,SNOMED-AU,,4,score,2025-09-21 11:11:50.144406,8
45,20,48,PHQ9-TOTAL,SNOMED-AU,,8,score,2025-08-25 16:50:50.144410,30
46,47,40,PHQ9-TOTAL,SNOMED-AU,,6,score,2025-09-26 14:15:50.144414,16
47,45,360,PHQ9-TOTAL,SNOMED-AU,,26,score,2025-08-26 01:48:50.144418,21
48,3,375,PHQ9-TOTAL,SNOMED-AU,,9,score,2025-08-25 17:21:50.144422,25
49,50,172,PHQ9-TOTAL,SNOMED-AU,,1,score,2025-09-23 16:00:50.144426,30
50,8,446,PHQ9-TOTAL,SNOMED-AU,,27,score,2025-10-08 05:45:50.144430,28
51,1,325,PHQ9-TOTAL,SNOMED-AU,,19,score,2025-08-18 17:23:50.144433,10
52,3,164,PHQ9-TOTAL,SNOMED-AU,,16,score,2025-08-29 11:17:50.144437,11
53,45,114,PHQ9-TOTAL,SNOMED-AU,,16,score,2025-10-19 03:43:50.144441,24
54,29,386,PHQ9-TOTAL,SNOMED-AU,,12,score,2025-08-22 10:54:50.144444,3
55,28,149,PHQ9-TOTAL,SNOMED-AU,,7,score,2025-09-18 01:18:50.144448,11
56,31,293,PHQ9-TOTAL,SNOMED-AU,,2,score,2025-10-31 12:01:50.144452,9
57,26,257,PHQ9-TOTAL,SNOMED-AU,,2,score,2025-09-12 07:18:50.144455,25
58,31,287,PHQ9-TOTAL,SNOMED-AU,,4,score,2025-10-12 14:01:50.144459,21
59,13,288,PHQ9-TOTAL,SNOMED-AU,,18,score,2025-08-20 05:53:50.144463,8
60,5,137,PHQ9-TOTAL,SNOMED-AU,,7,score,2025-09-12 18:43:50.144466,30
61,6,58,PHQ9-TOTAL,SNOMED-AU,,18,score,2025-08-13 15:59:50.144470,12
62,13,165,PHQ9-TOTAL,SNOMED-AU,,11,score,2025-09-23 09:45:50.144474,1
63,20,87,PHQ9-TOTAL,SNOMED-AU,,24,score,2025-09-23 09:34:50.144477,26
64,40,75,PHQ9-TOTAL,SNOMED-AU,,14,score,2025-09-12 03:27:50.144481,27
65,13,351,PHQ9-TOTAL,SNOMED-AU,,7,score,2025-09-21 00:38:50.144485,24
66,6,58,PHQ9-TOTAL,SNOMED-AU,,27,score,2025-10-31 21:47:50.144488,30
67,19,8,PHQ9-TOTAL,SNOMED-AU,,4,score,2025-09-24 06:35:50.144492,4
68,29,242,PHQ9-TOTAL,SNOMED-AU,,9,score,2025-11-04 19:13:50.144496,24
69,14,105,PHQ9-TOTAL,SNOMED-AU,,17,score,2025-08-29 12:38:50.144499,9
70,31,319,PHQ9-TOTAL,SNOMED-AU,,17,score,2025-10-19 06:42:50.144503,22
71,25,299,PHQ9-TOTAL,SNOMED-AU,,0,score,2025-08-14 13:24:50.144507,9
72,4,146,PHQ9-TOTAL,SNOMED-AU,,5,score,2025-10-12 06:47:50.144510,9
73,30,336,PHQ9-TOTAL,SNOMED-AU,,1,score,2025-11-06 03:02:50.144514,22
74,43,437,PHQ9-TOTAL,SNOMED-AU,,8,score,2025-08-14 17:31:50.144517,4
75,19,445,PHQ9-TOTAL,SNOMED-AU,,0,score,2025-08-15 17:12:50.144521,13
76,46,51,PHQ9-TOTAL,SNOMED-AU,,16,score,2025-09-27 13:31:50.144525,20
77,6,96,PHQ9-TOTAL,SNOMED-AU,,17,score,2025-10-12 12:57:50.144529,18
78,2,21,PHQ9-TOTAL,SNOMED-AU,,22,score,2025-10-06 13:07:50.144532,11
79,26,382,PHQ9-TOTAL,SNOMED-AU,,15,score,2025-10-18 05:04:50.144536,22
80,23,321,PHQ9-TOTAL,SNOMED-AU,,11,score,2025-09-29 21:54:50.144539,9
81,4,321,PHQ9-TOTAL,SNOMED-AU,,25,score,2025-10-05 16:30:50.144543,27
82,36,486,PHQ9-TOTAL,SNOMED-AU,,0,score,2025-10-02 22:17:50.144547,11
83,43,71,PHQ9-TOTAL,SNOMED-AU,,12,score,2025-10-26 06:02:50.144550,17
84,40,447,PHQ9-TOTAL,SNOMED-AU,,21,score,2025-08-18 08:12:50.144554,14
85,37,79,PHQ9-TOTAL,SNOMED-AU,,7,score,2025-09-13 19:28:50.144558,20
86,29,278,PHQ9-TOTAL,SNOMED-AU,,10,score,2025-10-21 22:45:50.144561,5
87,35,351,PHQ9-TOTAL,SNOMED-AU,,18,score,2025-10-13 01:07:50.144565,23
88,34,466,PHQ9-TOTAL,SNOMED-AU,,22,score,2025-10-20 15:28:50.144569,25
89,42,478,PHQ9-TOTAL,SNOMED-AU,,4,score,2025-08-27 00:06:50.144572,3
90,35,486,PHQ9-TOTAL,SNOMED-AU,,17,score,2025-10-23 00:06:50.144576,27
91,47,16,PHQ9-TOTAL,SNOMED-AU,,4,score,2025-09-27 16:00:50.144579,10
92,48,479,PHQ9-TOTAL,SNOMED-AU,,14,score,2025-08-17 06:09:50.144583,5
93,13,55,PHQ9-TOTAL,SNOMED-AU,,24,score,2025-10-22 00:25:50.144587,25
94,40,137,PHQ9-TOTAL,SNOMED-AU,,19,score,2025-08-21 10:47:50.144591,8
95,15,119,PHQ9-TOTAL,SNOMED-AU,,19,score,2025-08-12 05:04:50.144594,3
96,50,245,PHQ9-TOTAL,SNOMED-AU,,22,score,2025-10-20 12:32:50.144598,20
97,46,333,PHQ9-TOTAL,SNOMED-AU,,15,score,2025-09-20 23:32:50.144602,13
98,31,71,PHQ9-TOTAL,SNOMED-AU,,15,score,2025-10-17 23:12:50.144605,2
99,49,497,PHQ9-TOTAL,SNOMED-AU,,13,score,2025-11-05 21:00:50.144609,8
100,43,104,PHQ9-TOTAL,SNOMED-AU,,23,score,2025-10-12 03:15:50.144612,30
101,40,251,PHQ9-TOTAL,SNOMED-AU,,14,score,2025-08-10 18:31:50.144616,15
102,28,208,PHQ9-TOTAL,SNOMED-AU,,7,score,2025-11-01 09:39:50.144620,27
103,47,161,PHQ9-TOTAL,SNOMED-AU,,12,score,2025-09-17 09:39:50.144624,19
104,35,269,PHQ9-TOTAL,SNOMED-AU,,19,score,2025-08-16 06:36:50.144627,2
105,7,232,PHQ9-TOTAL,SNOMED-AU,,16,score,2025-09-10 03:30:50.144631,8
106,35,203,PHQ9-TOTAL,SNOMED-AU,,16,score,2025-11-01 12:02:50.144635,17
107,41,493,PHQ9-TOTAL,SNOMED-AU,,24,score,2025-10-31 23:08:50.144638,15
108,20,397,PHQ9-TOTAL,SNOMED-AU,,12,score,2025-10-01 15:16:50.144642,14
109,40,471,PHQ9-TOTAL,SNOMED-AU,,9,score,2025-10-31 06:53:50.144646,29
110,30,425,PHQ9-TOTAL,SNOMED-AU,,4,score,2025-08-16 15:21:50.144650,24
111,8,93,PHQ9-TOTAL,SNOMED-AU,,16,score,2025-08-24 06:52:50.144653,5
112,27,166,PHQ9-TOTAL,SNOMED-AU,,12,score,2025-09-11 05:15:50.144657,15
113,46,459,PHQ9-TOTAL,SNOMED-AU,,18,score,2025-10-12 15:21:50.144661,9
114,45,333,PHQ9-TOTAL,SNOMED-AU,,10,score,2025-10-17 06:40:50.144664,4
115,8,362,PHQ9-TOTAL,SNOMED-AU,,2,score,2025-09-10 09:03:50.144676,3
116,46,197,PHQ9-TOTAL,SNOMED-AU,,16,score,2025-09-02 10:16:50.144680,13
117,25,23,PHQ9-TOTAL,SNOMED-AU,,17,score,2025-10-16 18:50:50.144684,28
118,10,84,PHQ9-TOTAL,SNOMED-AU,,21,score,2025-10-19 23:37:50.144688,23
119,27,158,PHQ9-TOTAL,SNOMED-AU,,1,score,2025-09-28 05:37:50.144692,15
120,41,93,PHQ9-TOTAL,SNOMED-AU,,9,score,2025-10-23 01:14:50.144695,1
121,49,130,PHQ9-TOTAL,SNOMED-AU,,19,score,2025-11-05 14:55:50.144699,28
122,35,414,PHQ9-TOTAL,SNOMED-AU,,15,score,2025-11-06 09:30:50.144703,16
123,14,302,PHQ9-TOTAL,SNOMED-AU,,7,score,2025-08-14 13:57:50.144707,14
124,6,308,PHQ9-TOTAL,SNOMED-AU,,14,score,2025-08-23 05:11:50.144710,29
125,18,318,PHQ9-TOTAL,SNOMED-AU,,17,score,2025-08-18 11:34:50.144714,27
126,4,95,PHQ9-TOTAL,SNOMED-AU,,6,score,2025-10-20 03:45:50.144718,12
127,10,438,PHQ9-TOTAL,SNOMED-AU,,1,score,2025-11-02 07:50:50.144721,27
128,20,170,PHQ9-TOTAL,SNOMED-AU,,19,score,2025-10-27 04:20:50.144725,14
129,11,345,PHQ9-TOTAL,SNOMED-AU,,5,score,2025-10-01 09:44:50.144729,23
130,39,294,PHQ9-TOTAL,SNOMED-AU,,22,score,2025-08-27 23:57:50.144732,24
131,24,477,PHQ9-TOTAL,SNOMED-AU,,18,score,2025-11-03 02:37:50.144736,10
132,24,460,PHQ9-TOTAL,SNOMED-AU,,10,score,2025-09-20 02:38:50.144739,14
133,36,34,PHQ9-TOTAL,SNOMED-AU,,26,score,2025-09-30 14:18:50.144743,4
134,18,169,PHQ9-TOTAL,SNOMED-AU,,22,score,2025-08-31 15:53:50.144747,7
135,14,314,PHQ9-TOTAL,SNOMED-AU,,22,score,2025-10-31 01:50:50.144750,24
136,34,45,PHQ9-TOTAL,SNOMED-AU,,20,score,2025-09-06 05:42:50.144754,20
137,46,148,PHQ9-TOTAL,SNOMED-AU,,25,score,2025-09-13 09:32:50.144758,11
138,34,295,PHQ9-TOTAL,SNOMED-AU,,8,score,2025-08-19 17:27:50.144762,5
139,37,255,PHQ9-TOTAL,SNOMED-AU,,19,score,2025-09-01 05:46:50.144765,16
140,12,453,PHQ9-TOTAL,SNOMED-AU,,15,score,2025-08-20 21:41:50.144769,10
141,1,61,PHQ9-TOTAL,SNOMED-AU,,6,score,2025-11-03 14:46:50.144772,26
142,48,435,PHQ9-TOTAL,SNOMED-AU,,3,score,2025-10-11 10:00:50.144776,14
143,22,180,PHQ9-TOTAL,SNOMED-AU,,1,score,2025-08-27 09:13:50.144780,1
144,13,354,PHQ9-TOTAL,SNOMED-AU,,20,score,2025-10-01 20:36:50.144783,3
145,20,260,PHQ9-TOTAL,SNOMED-AU,,9,score,2025-08-28 18:37:50.144787,1
146,44,171,PHQ9-TOTAL,SNOMED-AU,,3,score,2025-09-24 16:40:50.144790,19
147,2,427,PHQ9-TOTAL,SNOMED-AU,,19,score,2025-10-15 23:05:50.144794,27
148,44,246,PHQ9-TOTAL,SNOMED-AU,,10,score,2025-09-08 03:45:50.144798,5
149,10,322,PHQ9-TOTAL,SNOMED-AU,,15,score,2025-09-09 11:29:50.144801,11
150,27,476,PHQ9-TOTAL,SNOMED-AU,,14,score,2025-10-30 13:07:50.144805,19
151,44,162,PHQ9-TOTAL,SNOMED-AU,,23,score,2025-08-27 12:25:50.144809,7
152,44,170,PHQ9-TOTAL,SNOMED-AU,,18,score,2025-09-23 03:17:50.144812,9
153,2,174,PHQ9-TOTAL,SNOMED-AU,,26,score,2025-09-19 08:52:50.144816,27
154,37,311,PHQ9-TOTAL,SNOMED-AU,,5,score,2025-09-18 23:48:50.144820,4
155,49,158,PHQ9-TOTAL,SNOMED-AU,,27,score,2025-08-08 18:41:50.144823,2
156,27,45,PHQ9-TOTAL,SNOMED-AU,,8,score,2025-09-04 22:03:50.144827,15
157,20,111,PHQ9-TOTAL,SNOMED-AU,,26,score,2025-08-31 20:15:50.144831,4
158,3,399,PHQ9-TOTAL,SNOMED-AU,,11,score,2025-10-13 02:58:50.144834,17
159,31,464,PHQ9-TOTAL,SNOMED-AU,,0,score,2025-09-04 01:14:50.144838,11
160,47,448,PHQ9-TOTAL,SNOMED-AU,,15,score,2025-08-31 19:37:50.144842,11
161,50,447,PHQ9-TOTAL,SNOMED-AU,,4,score,2025-10-25 12:43:50.144845,5
162,47,19,PHQ9-TOTAL,SNOMED-AU,,6,score,2025-09-09 16:41:50.144849,28
163,8,3,PHQ9-TOTAL,SNOMED-AU,,16,score,2025-09-29 03:43:50.144853,28
164,6,171,PHQ9-TOTAL,SNOMED-AU,,19,score,2025-09-09 04:20:50.144856,17
165,43,382,PHQ9-TOTAL,SNOMED-AU,,24,score,2025-09-29 04:50:50.144860,25
166,41,457,PHQ9-TOTAL,SNOMED-AU,,9,score,2025-10-11 19:14:50.144864,7
167,18,273,PHQ9-TOTAL,SNOMED-AU,,9,score,2025-09-27 14:44:50.144867,4
168,10,81,PHQ9-TOTAL,SNOMED-AU,,8,score,2025-10-03 02:26:50.144871,20
169,33,53,PHQ9-TOTAL,SNOMED-AU,,17,score,2025-10-11 12:04:50.144874,18
170,18,73,PHQ9-TOTAL,SNOMED-AU,,10,score,2025-08-08 19:50:50.144878,8
171,5,160,PHQ9-TOTAL,SNOMED-AU,,5,score,2025-08-20 18:52:50.144882,15
172,9,15,PHQ9-TOTAL,SNOMED-AU,,1,score,2025-09-07 08:23:50.144885,4
173,4,45,PHQ9-TOTAL,SNOMED-AU,,12,score,2025-09-13 17:15:50.144889,23
174,38,323,PHQ9-TOTAL,SNOMED-AU,,19,score,2025-08-10 06:58:50.144893,20
175,20,171,PHQ9-TOTAL,SNOMED-AU,,11,score,2025-10-12 06:38:50.144896,22
176,35,41,PHQ9-TOTAL,SNOMED-AU,,25,score,2025-09-08 11:18:50.144900,3
177,45,240,PHQ9-TOTAL,SNOMED-AU,,26,score,2025-10-25 15:07:50.144904,22
178,46,393,PHQ9-TOTAL,SNOMED-AU,,20,score,2025-09-08 14:12:50.144907,8
179,40,133,PHQ9-TOTAL,SNOMED-AU,,4,score,2025-09-21 17:15:50.144911,23
180,22,404,PHQ9-TOTAL,SNOMED-AU,,21,score,2025-09-26 14:55:50.144915,1
181,31,58,PHQ9-TOTAL,SNOMED-AU,,2,score,2025-09-23 13:57:50.144918,28
182,19,394,PHQ9-TOTAL,SNOMED-AU,,5,score,2025-09-23 09:50:50.144922,5
183,7,208,PHQ9-TOTAL,SNOMED-AU,,16,score,2025-10-24 18:51:50.144926,21
184,20,273,PHQ9-TOTAL,SNOMED-AU,,2,score,2025-09-08 16:49:50.144929,14
185,40,125,PHQ9-TOTAL,SNOMED-AU,,7,score,2025-08-28 23:56:50.144933,13
186,22,107,PHQ9-TOTAL,SNOMED-AU,,2,score,2025-08-10 10:59:50.144937,26
187,37,404,PHQ9-TOTAL,SNOMED-AU,,13,score,2025-09-24 11:42:50.144940,8
188,43,343,PHQ9-TOTAL,SNOMED-AU,,5,score,2025-10-28 05:27:50.144944,23
189,32,59,PHQ9-TOTAL,SNOMED-AU,,18,score,2025-08-23 09:57:50.144947,11
190,7,421,PHQ9-TOTAL,SNOMED-AU,,17,score,2025-09-12 00:07:50.144951,13
191,39,56,PHQ9-TOTAL,SNOMED-AU,,2,score,2025-08-11 09:37:50.144955,27
192,21,254,PHQ9-TOTAL,SNOMED-AU,,12,score,2025-08-16 08:23:50.144958,3
193,9,455,PHQ9-TOTAL,SNOMED-AU,,6,score,2025-08-24 08:35:50.144962,1
194,10,339,PHQ9-TOTAL,SNOMED-AU,,24,score,2025-10-18 14:52:50.144966,10
195,40,296,PHQ9-TOTAL,SNOMED-AU,,12,score,2025-09-10 23:13:50.144969,22
196,20,292,PHQ9-TOTAL,SNOMED-AU,,10,score,2025-08-12 19:28:50.144973,30
197,46,469,PHQ9-TOTAL,SNOMED-AU,,13,score,2025-09-24 02:49:50.144977,1
198,33,207,PHQ9-TOTAL,SNOMED-AU,,19,score,2025-10-21 20:23:50.144980,12
199,4,1,PHQ9-TOTAL,SNOMED-AU,,17,score,2025-08-08 11:34:50.144984,12
200,19,444,PHQ9-TOTAL,SNOMED-AU,,3,score,2025-11-03 21:59:50.144988,23
201,26,321,PHQ9-TOTAL,SNOMED-AU,,18,score,2025-09-27 07:02:50.144991,13
202,28,280,PHQ9-TOTAL,SNOMED-AU,,12,score,2025-10-10 08:15:50.144995,16
203,13,285,PHQ9-TOTAL,SNOMED-AU,,4,score,2025-09-18 17:33:50.144999,14
204,19,447,PHQ9-TOTAL,SNOMED-AU,,4,score,2025-08-14 01:18:50.145002,1
205,42,9,PHQ9-TOTAL,SNOMED-AU,,2,score,2025-10-19 05:30:50.145006,16
206,28,500,PHQ9-TOTAL,SNOMED-AU,,21,score,2025-10-21 03:18:50.145009,21
207,27,441,PHQ9-TOTAL,SNOMED-AU,,25,score,2025-09-09 06:48:50.145013,30
208,40,93,PHQ9-TOTAL,SNOMED-AU,,13,score,2025-09-09 12:59:50.145017,18
209,29,197,PHQ9-TOTAL,SNOMED-AU,,26,score,2025-09-22 22:15:50.145020,14
210,1,296,PHQ9-TOTAL,SNOMED-AU,,19,score,2025-09-04 06:11:50.145024,23
211,18,211,PHQ9-TOTAL,SNOMED-AU,,16,score,2025-08-29 11:03:50.145028,2
212,37,248,PHQ9-TOTAL,SNOMED-AU,,1,score,2025-08-08 18:19:50.145031,19
213,45,41,PHQ9-TOTAL,SNOMED-AU,,15,score,2025-10-19 05:40:50.145035,17
214,49,399,PHQ9-TOTAL,SNOMED-AU,,27,score,2025-10-02 14:53:50.145039,3
215,40,46,PHQ9-TOTAL,SNOMED-AU,,16,score,2025-10-06 13:46:50.145043,24
216,43,40,PHQ9-TOTAL,SNOMED-AU,,21,score,2025-08-11 08:52:50.145046,26
217,20,314,PHQ9-TOTAL,SNOMED-AU,,18,score,2025-10-31 18:52:50.145050,25
218,31,233,PHQ9-TOTAL,SNOMED-AU,,0,score,2025-09-02 13:50:50.145053,24
219,27,181,PHQ9-TOTAL,SNOMED-AU,,10,score,2025-09-30 20:16:50.145057,2
220,39,384,PHQ9-TOTAL,SNOMED-AU,,22,score,2025-09-29 05:36:50.145061,19
221,4,323,PHQ9-TOTAL,SNOMED-AU,,8,score,2025-09-07 11:16:50.145064,19
222,43,150,PHQ9-TOTAL,SNOMED-AU,,1,score,2025-08-20 05:08:50.145068,16
223,9,259,PHQ9-TOTAL,SNOMED-AU,,2,score,2025-10-28 21:10:50.145072,5
224,18,141,PHQ9-TOTAL,SNOMED-AU,,19,score,2025-10-06 04:39:50.145075,4
225,12,466,PHQ9-TOTAL,SNOMED-AU,,19,score,2025-08-23 06:17:50.145079,22
226,24,414,PHQ9-TOTAL,SNOMED-AU,,14,score,2025-10-15 20:36:50.145083,23
227,32,93,PHQ9-TOTAL,SNOMED-AU,,7,score,2025-09-01 04:05:50.145086,3
228,39,479,PHQ9-TOTAL,SNOMED-AU,,4,score,2025-10-18 13:38:50.145090,14
229,25,122,PHQ9-TOTAL,SNOMED-AU,,24,score,2025-08-14 14:40:50.145106,21
230,14,296,PHQ9-TOTAL,SNOMED-AU,,5,score,2025-09-24 03:45:50.145110,9
231,8,27,PHQ9-TOTAL,SNOMED-AU,,24,score,2025-10-16 15:01:50.145114,16
232,31,383,PHQ9-TOTAL,SNOMED-AU,,9,score,2025-08-30 22:02:50.145117,22
233,25,243,PHQ9-TOTAL,SNOMED-AU,,22,score,2025-10-05 00:53:50.145121,28
234,1,148,PHQ9-TOTAL,SNOMED-AU,,13,score,2025-09-10 16:43:50.145125,11
235,44,490,PHQ9-TOTAL,SNOMED-AU,,16,score,2025-11-02 01:28:50.145128,18
236,23,490,PHQ9-TOTAL,SNOMED-AU,,20,score,2025-09-12 09:28:50.145132,21
237,18,172,PHQ9-TOTAL,SNOMED-AU,,27,score,2025-10-03 20:35:50.145135,4
238,42,300,PHQ9-TOTAL,SNOMED-AU,,8,score,2025-09-17 14:37:50.145139,22
239,16,376,PHQ9-TOTAL,SNOMED-AU,,23,score,2025-08-12 10:37:50.145143,7
240,22,347,PHQ9-TOTAL,SNOMED-AU,,16,score,2025-08-11 00:06:50.145146,18
241,44,5,PHQ9-TOTAL,SNOMED-AU,,0,score,2025-10-30 05:00:50.145150,4
242,7,351,PHQ9-TOTAL,SNOMED-AU,,16,score,2025-09-10 18:12:50.145153,24
243,17,99,PHQ9-TOTAL,SNOMED-AU,,9,score,2025-11-03 04:47:50.145157,3
244,39,337,PHQ9-TOTAL,SNOMED-AU,,1,score,2025-10-10 09:46:50.145161,4
245,8,45,PHQ9-TOTAL,SNOMED-AU,,22,score,2025-08-22 01:02:50.145164,22
246,42,290,PHQ9-TOTAL,SNOMED-AU,,24,score,2025-10-15 01:42:50.145168,6
247,19,240,PHQ9-TOTAL,SNOMED-AU,,8,score,2025-08-15 02:46:50.145172,15
248,50,219,PHQ9-TOTAL,SNOMED-AU,,8,score,2025-08-10 07:37:50.145175,25
249,17,83,PHQ9-TOTAL,SNOMED-AU,,10,score,2025-10-28 20:37:50.145179,2
250,25,171,PHQ9-TOTAL,SNOMED-AU,,12,score,2025-10-30 20:34:50.145183,9
251,29,36,PHQ9-TOTAL,SNOMED-AU,,5,score,2025-09-05 22:47:50.145186,13
252,42,252,PHQ9-TOTAL,SNOMED-AU,,5,score,2025-10-25 00:52:50.145190,25
253,14,315,PHQ9-TOTAL,SNOMED-AU,,13,score,2025-08-17 01:28:50.145194,15
254,17,53,PHQ9-TOTAL,SNOMED-AU,,22,score,2025-11-03 03:22:50.145197,19
255,17,398,PHQ9-TOTAL,SNOMED-AU,,23,score,2025-09-11 04:29:50.145201,16
256,42,328,PHQ9-TOTAL,SNOMED-AU,,4,score,2025-11-07 03:44:50.145204,13
257,10,359,PHQ9-TOTAL,SNOMED-AU,,8,score,2025-09-25 16:50:50.145208,1
258,46,482,PHQ9-TOTAL,SNOMED-AU,,16,score,2025-09-05 13:59:50.145212,13
259,47,400,PHQ9-TOTAL,SNOMED-AU,,27,score,2025-10-29 12:12:50.145216,1
260,45,419,PHQ9-TOTAL,SNOMED-AU,,12,score,2025-09-07 01:50:50.145219,18
261,22,350,PHQ9-TOTAL,SNOMED-AU,,11,score,2025-09-29 17:23:50.145223,21
262,6,188,PHQ9-TOTAL,SNOMED-AU,,20,score,2025-08-30 19:21:50.145227,27
263,49,393,PHQ9-TOTAL,SNOMED-AU,,14,score,2025-09-30 09:14:50.145231,6
264,3,496,PHQ9-TOTAL,SNOMED-AU,,17,score,2025-09-18 08:14:50.145234,10
265,25,459,PHQ9-TOTAL,SNOMED-AU,,22,score,2025-10-24 08:42:50.145238,12
266,6,454,PHQ9-TOTAL,SNOMED-AU,,15,score,2025-08-18 14:39:50.145242,7
267,3,99,PHQ9-TOTAL,SNOMED-AU,,4,score,2025-11-03 05:49:50.145247,8
268,25,33,PHQ9-TOTAL,SNOMED-AU,,15,score,2025-08-29 09:07:50.145252,16
269,29,495,PHQ9-TOTAL,SNOMED-AU,,17,score,2025-11-05 04:05:50.145257,2
270,47,22,PHQ9-TOTAL,SNOMED-AU,,10,score,2025-09-17 02:13:50.145262,26
271,43,268,PHQ9-TOTAL,SNOMED-AU,,20,score,2025-09-09 07:31:50.145266,28
272,10,380,PHQ9-TOTAL,SNOMED-AU,,17,score,2025-08-24 21:27:50.145270,3
273,48,73,PHQ9-TOTAL,SNOMED-AU,,1,score,2025-09-05 09:25:50.145274,16
274,3,125,PHQ9-TOTAL,SNOMED-AU,,19,score,2025-08-09 09:18:50.145278,1
275,41,26,PHQ9-TOTAL,SNOMED-AU,,5,score,2025-09-29 01:57:50.145282,20
276,38,33,PHQ9-TOTAL,SNOMED-AU,,5,score,2025-10-25 01:55:50.145286,20
277,40,113,PHQ9-TOTAL,SNOMED-AU,,25,score,2025-10-29 22:59:50.145290,11
278,48,348,PHQ9-TOTAL,SNOMED-AU,,25,score,2025-09-16 19:19:50.145293,22
279,35,71,PHQ9-TOTAL,SNOMED-AU,,18,score,2025-09-26 22:38:50.145297,2
280,12,172,PHQ9-TOTAL,SNOMED-AU,,18,score,2025-10-30 02:09:50.145302,5
281,27,87,PHQ9-TOTAL,SNOMED-AU,,24,score,2025-08-09 17:51:50.145308,6
282,16,474,PHQ9-TOTAL,SNOMED-AU,,14,score,2025-08-25 04:18:50.145313,4
283,41,314,PHQ9-TOTAL,SNOMED-AU,,25,score,2025-09-20 00:25:50.145318,29
284,6,4,PHQ9-TOTAL,SNOMED-AU,,15,score,2025-11-06 23:27:50.145323,3
285,42,304,PHQ9-TOTAL,SNOMED-AU,,22,score,2025-10-01 15:42:50.145327,26
286,50,244,PHQ9-TOTAL,SNOMED-AU,,25,score,2025-08-11 01:13:50.145330,5
287,18,268,PHQ9-TOTAL,SNOMED-AU,,20,score,2025-09-10 16:11:50.145334,6
288,45,20,PHQ9-TOTAL,SNOMED-AU,,19,score,2025-08-22 23:41:50.145339,16
289,6,322,PHQ9-TOTAL,SNOMED-AU,,19,score,2025-09-29 18:00:50.145343,1
290,16,99,PHQ9-TOTAL,SNOMED-AU,,17,score,2025-10-22 13:20:50.145347,20
291,49,277,PHQ9-TOTAL,SNOMED-AU,,11,score,2025-09-03 21:57:50.145351,25
292,43,107,PHQ9-TOTAL,SNOMED-AU,,20,score,2025-10-03 04:14:50.145355,4
293,10,351,PHQ9-TOTAL,SNOMED-AU,,25,score,2025-09-07 14:15:50.145359,6
294,3,28,PHQ9-TOTAL,SNOMED-AU,,21,score,2025-08-16 18:08:50.145363,7
295,17,172,PHQ9-TOTAL,SNOMED-AU,,13,score,2025-08-20 15:24:50.145367,4
296,4,474,PHQ9-TOTAL,SNOMED-AU,,23,score,2025-08-31 00:16:50.145371,26
297,32,264,PHQ9-TOTAL,SNOMED-AU,,0,score,2025-10-24 02:29:50.145375,8
298,29,304,PHQ9-TOTAL,SNOMED-AU,,23,score,2025-08-24 19:00:50.145379,7
299,44,460,PHQ9-TOTAL,SNOMED-AU,,23,score,2025-09-26 21:37:50.145383,4
300,15,51,PHQ9-TOTAL,SNOMED-AU,,10,score,2025-10-07 06:00:50.145386,28
301,25,457,PHQ9-TOTAL,SNOMED-AU,,6,score,2025-10-10 02:56:50.145390,19
302,4,456,PHQ9-TOTAL,SNOMED-AU,,15,score,2025-09-13 01:13:50.145394,30
303,30,92,PHQ9-TOTAL,SNOMED-AU,,19,score,2025-09-18 18:18:50.145398,15
304,13,324,PHQ9-TOTAL,SNOMED-AU,,23,score,2025-09-22 21:14:50.145402,11
305,3,355,PHQ9-TOTAL,SNOMED-AU,,4,score,2025-08-27 04:09:50.145406,5
306,30,235,PHQ9-TOTAL,SNOMED-AU,,3,score,2025-09-14 23:38:50.145410,11
307,19,310,PHQ9-TOTAL,SNOMED-AU,,7,score,2025-10-17 08:47:50.145414,29
308,37,497,PHQ9-TOTAL,SNOMED-AU,,5,score,2025-08-28 22:21:50.145418,14
309,34,251,PHQ9-TOTAL,SNOMED-AU,,27,score,2025-10-10 10:56:50.145422,27
310,18,8,PHQ9-TOTAL,SNOMED-AU,,14,score,2025-09-13 05:31:50.145426,8
311,21,223,PHQ9-TOTAL,SNOMED-AU,,7,score,2025-08-24 21:29:50.145430,30
312,10,468,PHQ9-TOTAL,SNOMED-AU,,18,score,2025-08-26 05:00:50.145434,2
313,31,376,PHQ9-TOTAL,SNOMED-AU,,1,score,2025-09-04 03:59:50.145438,17
314,31,415,PHQ9-TOTAL,SNOMED-AU,,12,score,2025-08-10 01:58:50.145442,16
315,6,286,PHQ9-TOTAL,SNOMED-AU,,7,score,2025-11-05 06:40:50.145446,14
316,9,184,PHQ9-TOTAL,SNOMED-AU,,6,score,2025-09-30 21:45:50.145451,3
317,31,343,PHQ9-TOTAL,SNOMED-AU,,0,score,2025-09-28 23:41:50.145455,15
318,37,383,PHQ9-TOTAL,SNOMED-AU,,27,score,2025-08-25 04:57:50.145458,15
319,9,448,PHQ9-TOTAL,SNOMED-AU,,24,score,2025-08-08 17:15:50.145462,26
320,24,321,PHQ9-TOTAL,SNOMED-AU,,27,score,2025-09-08 06:46:50.145466,1
321,41,37,PHQ9-TOTAL,SNOMED-AU,,27,score,2025-09-18 07:05:50.145470,17
322,19,219,PHQ9-TOTAL,SNOMED-AU,,1,score,2025-10-03 06:47:50.145479,18
323,14,404,PHQ9-TOTAL,SNOMED-AU,,18,score,2025-08-12 02:47:50.145484,29
324,48,478,PHQ9-TOTAL,SNOMED-AU,,10,score,2025-10-30 12:28:50.145487,22
325,4,57,PHQ9-TOTAL,SNOMED-AU,,11,score,2025-09-18 17:57:50.145491,20
326,24,188,PHQ9-TOTAL,SNOMED-AU,,1,score,2025-10-15 08:51:50.145495,23
327,36,364,PHQ9-TOTAL,SNOMED-AU,,2,score,2025-10-12 01:05:50.145499,8
328,8,333,PHQ9-TOTAL,SNOMED-AU,,17,score,2025-09-06 05:38:50.145503,19
329,45,108,PHQ9-TOTAL,SNOMED-AU,,27,score,2025-10-09 19:04:50.145507,29
330,33,349,PHQ9-TOTAL,SNOMED-AU,,8,score,2025-09-13 21:23:50.145511,3
331,23,232,PHQ9-TOTAL,SNOMED-AU,,11,score,2025-09-05 12:53:50.145515,27
332,31,364,PHQ9-TOTAL,SNOMED-AU,,3,score,2025-08-30 07:34:50.145519,18
333,29,318,PHQ9-TOTAL,SNOMED-AU,,9,score,2025-09-20 07:42:50.145523,26
334,13,457,PHQ9-TOTAL,SNOMED-AU,,2,score,2025-09-10 03:21:50.145527,13
335,19,491,PHQ9-TOTAL,SNOMED-AU,,5,score,2025-10-29 02:16:50.145531,9
336,45,76,PHQ9-TOTAL,SNOMED-AU,,3,score,2025-09-05 00:31:50.145535,7
337,41,12,PHQ9-TOTAL,SNOMED-AU,,16,score,2025-09-30 15:43:50.145539,18
338,31,178,PHQ9-TOTAL,SNOMED-AU,,4,score,2025-09-14 14:39:50.145543,21
339,19,97,PHQ9-TOTAL,SNOMED-AU,,0,score,2025-10-30 04:31:50.145546,26
340,34,331,PHQ9-TOTAL,SNOMED-AU,,7,score,2025-09-25 15:49:50.145550,11
341,42,403,PHQ9-TOTAL,SNOMED-AU,,20,score,2025-09-26 13:49:50.145554,22
342,34,432,PHQ9-TOTAL,SNOMED-AU,,22,score,2025-08-28 14:57:50.145557,10
343,9,460,PHQ9-TOTAL,SNOMED-AU,,18,score,2025-09-28 23:36:50.145567,9
344,31,191,PHQ9-TOTAL,SNOMED-AU,,7,score,2025-10-02 04:17:50.145571,12
345,30,490,PHQ9-TOTAL,SNOMED-AU,,9,score,2025-10-16 09:27:50.145575,6
346,35,147,PHQ9-TOTAL,SNOMED-AU,,22,score,2025-10-14 23:33:50.145578,23
347,43,407,PHQ9-TOTAL,SNOMED-AU,,22,score,2025-10-19 00:11:50.145582,4
348,21,295,PHQ9-TOTAL,SNOMED-AU,,1,score,2025-10-21 15:10:50.145586,12
349,14,288,PHQ9-TOTAL,SNOMED-AU,,5,score,2025-08-09 03:44:50.145589,11
350,10,191,PHQ9-TOTAL,SNOMED-AU,,11,score,2025-09-10 12:16:50.145593,18
351,8,472,PHQ9-TOTAL,SNOMED-AU,,9,score,2025-11-03 16:27:50.145597,16
352,10,486,PHQ9-TOTAL,SNOMED-AU,,24,score,2025-09-09 19:17:50.145600,1
353,35,500,PHQ9-TOTAL,SNOMED-AU,,23,score,2025-09-03 18:45:50.145604,23
354,31,459,PHQ9-TOTAL,SNOMED-AU,,9,score,2025-09-30 10:44:50.145608,5
355,37,374,PHQ9-TOTAL,SNOMED-AU,,25,score,2025-09-11 18:42:50.145612,4
356,31,461,PHQ9-TOTAL,SNOMED-AU,,23,score,2025-11-02 00:43:50.145615,18
357,20,13,PHQ9-TOTAL,SNOMED-AU,,3,score,2025-09-16 09:33:50.145619,8
358,23,48,PHQ9-TOTAL,SNOMED-AU,,14,score,2025-09-27 03:48:50.145623,21
359,38,270,PHQ9-TOTAL,SNOMED-AU,,6,score,2025-10-09 21:14:50.145626,1
360,35,435,PHQ9-TOTAL,SNOMED-AU,,2,score,2025-09-10 07:44:50.145630,3
361,26,100,PHQ9-TOTAL,SNOMED-AU,,16,score,2025-09-05 18:48:50.145634,20
362,4,466,PHQ9-TOTAL,SNOMED-AU,,16,score,2025-08-13 18:01:50.145637,5
363,28,190,PHQ9-TOTAL,SNOMED-AU,,22,score,2025-09-18 18:26:50.145641,10
364,23,158,PHQ9-TOTAL,SNOMED-AU,,11,score,2025-09-10 12:21:50.145644,7
365,29,380,PHQ9-TOTAL,SNOMED-AU,,23,score,2025-09-14 15:08:50.145649,6
366,47,497,PHQ9-TOTAL,SNOMED-AU,,25,score,2025-09-13 05:29:50.145652,14
367,38,307,PHQ9-TOTAL,SNOMED-AU,,4,score,2025-10-27 01:13:50.145656,10
368,34,172,PHQ9-TOTAL,SNOMED-AU,,15,score,2025-10-29 10:38:50.145660,13
369,1,210,PHQ9-TOTAL,SNOMED-AU,,2,score,2025-08-17 21:00:50.145663,6
370,30,364,PHQ9-TOTAL,SNOMED-AU,,17,score,2025-08-27 01:14:50.145667,6
371,25,149,PHQ9-TOTAL,SNOMED-AU,,26,score,2025-08-28 14:24:50.145671,27
372,20,428,PHQ9-TOTAL,SNOMED-AU,,26,score,2025-08-24 19:55:50.145674,18
373,30,115,PHQ9-TOTAL,SNOMED-AU,,23,score,2025-11-04 05:17:50.145678,9
374,41,428,PHQ9-TOTAL,SNOMED-AU,,9,score,2025-08-17 14:19:50.145682,21
375,19,214,PHQ9-TOTAL,SNOMED-AU,,21,score,2025-10-15 13:28:50.145685,23
376,16,15,PHQ9-TOTAL,SNOMED-AU,,20,score,2025-10-22 20:55:50.145689,3
377,48,186,PHQ9-TOTAL,SNOMED-AU,,19,score,2025-08-24 13:50:50.145693,14
378,17,322,PHQ9-TOTAL,SNOMED-AU,,27,score,2025-08-11 13:42:50.145696,27
379,24,263,PHQ9-TOTAL,SNOMED-AU,,3,score,2025-08-26 04:32:50.145700,9
380,38,30,PHQ9-TOTAL,SNOMED-AU,,5,score,2025-10-19 18:57:50.145704,29
381,9,183,PHQ9-TOTAL,SNOMED-AU,,22,score,2025-10-18 04:09:50.145707,12
382,41,467,PHQ9-TOTAL,SNOMED-AU,,13,score,2025-09-23 04:08:50.145711,10
383,41,480,PHQ9-TOTAL,SNOMED-AU,,16,score,2025-10-28 13:14:50.145715,25
384,12,392,PHQ9-TOTAL,SNOMED-AU,,20,score,2025-10-25 09:38:50.145718,6
385,21,447,PHQ9-TOTAL,SNOMED-AU,,17,score,2025-09-27 07:35:50.145722,10
386,44,358,PHQ9-TOTAL,SNOMED-AU,,8,score,2025-08-10 18:20:50.145725,18
387,23,422,PHQ9-TOTAL,SNOMED-AU,,18,score,2025-10-20 05:18:50.145729,17
388,24,399,PHQ9-TOTAL,SNOMED-AU,,9,score,2025-09-05 16:05:50.145732,30
389,7,112,PHQ9-TOTAL,SNOMED-AU,,5,score,2025-10-18 13:12:50.145736,27
390,36,315,PHQ9-TOTAL,SNOMED-AU,,6,score,2025-08-10 12:32:50.145740,18
391,36,360,PHQ9-TOTAL,SNOMED-AU,,22,score,2025-10-23 15:57:50.145743,30
392,8,420,PHQ9-TOTAL,SNOMED-AU,,2,score,2025-10-22 04:56:50.145747,12
393,45,186,PHQ9-TOTAL,SNOMED-AU,,9,score,2025-10-20 14:30:50.145751,20
394,49,497,PHQ9-TOTAL,SNOMED-AU,,16,score,2025-09-24 23:41:50.145754,10
395,48,418,PHQ9-TOTAL,SNOMED-AU,,0,score,2025-10-22 22:18:50.145758,28
396,10,353,PHQ9-TOTAL,SNOMED-AU,,22,score,2025-10-08 20:18:50.145761,7
397,6,218,PHQ9-TOTAL,SNOMED-AU,,4,score,2025-08-11 02:22:50.145765,1
398,31,388,PHQ9-TOTAL,SNOMED-AU,,24,score,2025-09-13 04:14:50.145769,4
399,43,263,PHQ9-TOTAL,SNOMED-AU,,1,score,2025-08-24 03:56:50.145772,4
400,3,34,PHQ9-TOTAL,SNOMED-AU,,8,score,2025-09-29 08:26:50.145776,25
401,8,472,PHQ9-TOTAL,SNOMED-AU,,3,score,2025-08-21 22:49:50.145780,29
402,12,344,PHQ9-TOTAL,SNOMED-AU,,6,score,2025-09-24 05:21:50.145783,5
403,48,483,PHQ9-TOTAL,SNOMED-AU,,27,score,2025-10-02 11:04:50.145787,12
404,33,400,PHQ9-TOTAL,SNOMED-AU,,5,score,2025-08-20 21:54:50.145790,19
405,7,420,PHQ9-TOTAL,SNOMED-AU,,2,score,2025-08-25 04:53:50.145794,7
406,13,494,PHQ9-TOTAL,SNOMED-AU,,22,score,2025-10-01 23:29:50.145798,25
407,1,499,PHQ9-TOTAL,SNOMED-AU,,17,score,2025-10-25 22:28:50.145801,17
408,46,244,PHQ9-TOTAL,SNOMED-AU,,27,score,2025-09-21 06:49:50.145805,6
409,44,491,PHQ9-TOTAL,SNOMED-AU,,14,score,2025-10-24 23:33:50.145808,12
410,28,110,PHQ9-TOTAL,SNOMED-AU,,12,score,2025-09-02 22:00:50.145812,4
411,21,64,PHQ9-TOTAL,SNOMED-AU,,24,score,2025-09-09 01:53:50.145816,5
412,49,185,PHQ9-TOTAL,SNOMED-AU,,15,score,2025-08-08 19:51:50.145819,24
413,6,168,PHQ9-TOTAL,SNOMED-AU,,1,score,2025-09-05 02:02:50.145823,10
414,39,377,PHQ9-TOTAL,SNOMED-AU,,14,score,2025-09-28 07:33:50.145826,15
415,36,209,PHQ9-TOTAL,SNOMED-AU,,7,score,2025-09-30 16:14:50.145830,28
416,31,481,PHQ9-TOTAL,SNOMED-AU,,2,score,2025-08-12 18:15:50.145834,1
417,32,345,PHQ9-TOTAL,SNOMED-AU,,21,score,2025-10-24 16:58:50.145838,17
418,44,44,PHQ9-TOTAL,SNOMED-AU,,21,score,2025-10-23 01:01:50.145841,13
419,38,53,PHQ9-TOTAL,SNOMED-AU,,22,score,2025-10-17 03:03:50.145845,7
420,13,305,PHQ9-TOTAL,SNOMED-AU,,10,score,2025-09-17 02:12:50.145849,27
421,47,256,PHQ9-TOTAL,SNOMED-AU,,13,score,2025-10-02 06:37:50.145852,19
422,18,388,PHQ9-TOTAL,SNOMED-AU,,18,score,2025-08-16 17:04:50.145856,16
423,39,487,PHQ9-TOTAL,SNOMED-AU,,21,score,2025-09-16 13:54:50.145860,9
424,50,233,PHQ9-TOTAL,SNOMED-AU,,4,score,2025-10-25 02:10:50.145863,16
425,15,322,PHQ9-TOTAL,SNOMED-AU,,15,score,2025-10-21 05:20:50.145867,24
426,5,256,PHQ9-TOTAL,SNOMED-AU,,1,score,2025-08-13 05:15:50.145871,13
427,44,168,PHQ9-TOTAL,SNOMED-AU,,19,score,2025-10-18 19:47:50.145874,20
428,49,40,PHQ9-TOTAL,SNOMED-AU,,3,score,2025-08-14 12:37:50.145878,16
429,30,104,PHQ9-TOTAL,SNOMED-AU,,25,score,2025-09-30 07:55:50.145882,16
430,17,278,PHQ9-TOTAL,SNOMED-AU,,16,score,2025-09-24 11:52:50.145885,1
431,3,221,PHQ9-TOTAL,SNOMED-AU,,24,score,2025-10-22 16:58:50.145889,11
432,25,227,PHQ9-TOTAL,SNOMED-AU,,27,score,2025-09-10 04:24:50.145892,6
433,43,441,PHQ9-TOTAL,SNOMED-AU,,17,score,2025-09-29 07:16:50.145896,16
434,9,160,PHQ9-TOTAL,SNOMED-AU,,13,score,2025-09-18 13:38:50.145900,4
435,44,252,PHQ9-TOTAL,SNOMED-AU,,18,score,2025-08-14 11:43:50.145903,18
436,31,244,PHQ9-TOTAL,SNOMED-AU,,18,score,2025-08-27 23:54:50.145907,2
437,17,254,PHQ9-TOTAL,SNOMED-AU,,12,score,2025-08-23 16:47:50.145911,22
438,50,146,PHQ9-TOTAL,SNOMED-AU,,11,score,2025-09-27 04:25:50.145914,19
439,9,429,PHQ9-TOTAL,SNOMED-AU,,1,score,2025-09-21 17:35:50.145918,24
440,2,392,PHQ9-TOTAL,SNOMED-AU,,18,score,2025-08-18 19:02:50.145922,4
441,23,183,PHQ9-TOTAL,SNOMED-AU,,13,score,2025-09-15 18:23:50.145926,22
442,16,121,PHQ9-TOTAL,SNOMED-AU,,7,score,2025-08-16 19:49:50.145929,3
443,5,445,PHQ9-TOTAL,SNOMED-AU,,22,score,2025-09-29 02:05:50.145933,6
444,35,167,PHQ9-TOTAL,SNOMED-AU,,0,score,2025-11-02 14:44:50.145936,28
445,37,264,PHQ9-TOTAL,SNOMED-AU,,13,score,2025-09-14 21:25:50.145940,23
446,38,12,PHQ9-TOTAL,SNOMED-AU,,15,score,2025-09-27 16:50:50.145944,13
447,37,51,PHQ9-TOTAL,SNOMED-AU,,10,score,2025-09-06 01:42:50.145947,22
448,22,255,PHQ9-TOTAL,SNOMED-AU,,6,score,2025-09-03 08:05:50.145951,6
449,20,187,PHQ9-TOTAL,SNOMED-AU,,19,score,2025-09-12 22:55:50.145954,21
450,5,431,PHQ9-TOTAL,SNOMED-AU,,27,score,2025-08-30 23:08:50.145958,9
451,20,294,PHQ9-TOTAL,SNOMED-AU,,1,score,2025-09-16 21:47:50.145962,24
452,46,433,PHQ9-TOTAL,SNOMED-AU,,2,score,2025-08-25 01:49:50.145965,11
453,5,291,PHQ9-TOTAL,SNOMED-AU,,8,score,2025-08-31 13:59:50.145969,7
454,5,334,PHQ9-TOTAL,SNOMED-AU,,11,score,2025-09-29 12:35:50.145973,10
455,43,277,PHQ9-TOTAL,SNOMED-AU,,13,score,2025-09-27 23:00:50.145976,13
456,40,264,PHQ9-TOTAL,SNOMED-AU,,8,score,2025-09-09 07:38:50.145980,18
457,2,322,PHQ9-TOTAL,SNOMED-AU,,5,score,2025-08-08 12:31:50.145993,6
458,32,110,PHQ9-TOTAL,SNOMED-AU,,18,score,2025-08-14 05:57:50.145997,9
459,35,415,PHQ9-TOTAL,SNOMED-AU,,20,score,2025-08-20 15:27:50.146001,19
460,41,31,PHQ9-TOTAL,SNOMED-AU,,23,score,2025-09-01 23:03:50.146005,15
461,16,78,PHQ9-TOTAL,SNOMED-AU,,4,score,2025-08-11 19:32:50.146008,14
462,21,441,PHQ9-TOTAL,SNOMED-AU,,13,score,2025-10-29 09:13:50.146012,28
463,18,422,PHQ9-TOTAL,SNOMED-AU,,13,score,2025-10-01 09:16:50.146016,9
464,39,121,PHQ9-TOTAL,SNOMED-AU,,21,score,2025-09-16 22:19:50.146020,5
465,2,126,PHQ9-TOTAL,SNOMED-AU,,6,score,2025-09-28 14:55:50.146023,18
466,28,332,PHQ9-TOTAL,SNOMED-AU,,13,score,2025-11-02 23:16:50.146027,9
467,2,133,PHQ9-TOTAL,SNOMED-AU,,4,score,2025-10-02 07:51:50.146031,6
468,3,494,PHQ9-TOTAL,SNOMED-AU,,20,score,2025-09-06 05:23:50.146034,28
469,21,309,PHQ9-TOTAL,SNOMED-AU,,2,score,2025-09-30 02:29:50.146038,14
470,43,337,PHQ9-TOTAL,SNOMED-AU,,11,score,2025-10-26 16:33:50.146042,24
471,9,121,PHQ9-TOTAL,SNOMED-AU,,26,score,2025-10-23 10:39:50.146045,17
472,34,341,PHQ9-TOTAL,SNOMED-AU,,3,score,2025-08-24 13:10:50.146049,16
473,16,308,PHQ9-TOTAL,SNOMED-AU,,2,score,2025-10-22 19:05:50.146053,27
474,48,200,PHQ9-TOTAL,SNOMED-AU,,18,score,2025-10-07 16:13:50.146056,5
475,12,110,PHQ9-TOTAL,SNOMED-AU,,3,score,2025-10-02 15:00:50.146060,9
476,38,29,PHQ9-TOTAL,SNOMED-AU,,27,score,2025-09-05 12:03:50.146064,23
477,21,280,PHQ9-TOTAL,SNOMED-AU,,3,score,2025-09-13 13:43:50.146067,8
478,10,186,PHQ9-TOTAL,SNOMED-AU,,8,score,2025-09-07 07:03:50.146071,27
479,2,331,PHQ9-TOTAL,SNOMED-AU,,9,score,2025-08-22 03:33:50.146075,24
480,4,354,PHQ9-TOTAL,SNOMED-AU,,21,score,2025-08-13 22:10:50.146079,18
481,20,328,PHQ9-TOTAL,SNOMED-AU,,12,score,2025-08-09 17:29:50.146082,26
482,8,274,PHQ9-TOTAL,SNOMED-AU,,21,score,2025-10-07 15:02:50.146086,1
483,17,155,PHQ9-TOTAL,SNOMED-AU,,12,score,2025-10-26 22:07:50.146090,7
484,11,469,PHQ9-TOTAL,SNOMED-AU,,27,score,2025-09-11 09:06:50.146094,29
485,50,330,PHQ9-TOTAL,SNOMED-AU,,25,score,2025-09-16 04:09:50.146097,28
486,50,482,PHQ9-TOTAL,SNOMED-AU,,2,score,2025-09-05 13:39:50.146101,14
487,22,368,PHQ9-TOTAL,SNOMED-AU,,26,score,2025-09-14 01:34:50.146105,6
488,17,260,PHQ9-TOTAL,SNOMED-AU,,22,score,2025-10-29 18:00:50.146108,20
489,36,378,PHQ9-TOTAL,SNOMED-AU,,23,score,2025-09-26 14:42:50.146112,1
490,4,329,PHQ9-TOTAL,SNOMED-AU,,24,score,2025-08-16 23:46:50.146116,15
491,42,70,PHQ9-TOTAL,SNOMED-AU,,25,score,2025-11-06 17:14:50.146119,21
492,21,295,PHQ9-TOTAL,SNOMED-AU,,9,score,2025-10-28 02:16:50.146123,8
493,46,497,PHQ9-TOTAL,SNOMED-AU,,16,score,2025-08-16 00:32:50.146126,20
494,27,406,PHQ9-TOTAL,SNOMED-AU,,21,score,2025-09-27 14:56:50.146130,28
495,9,134,PHQ9-TOTAL,SNOMED-AU,,23,score,2025-10-15 07:49:50.146134,27
496,19,102,PHQ9-TOTAL,SNOMED-AU,,10,score,2025-10-27 16:03:50.146137,6
497,25,484,PHQ9-TOTAL,SNOMED-AU,,12,score,2025-08-25 22:25:50.146141,1
498,42,314,PHQ9-TOTAL,SNOMED-AU,,17,score,2025-08-18 21:28:50.146145,3
499,13,135,PHQ9-TOTAL,SNOMED-AU,,14,score,2025-08-10 00:23:50.146148,13
500,28,308,PHQ9-TOTAL,SNOMED-AU,,19,score,2025-10-05 01:21:50.146152,12
